{
  "n_samples": 1051,
  "n_dims": 8,
  "use_pca": true,
  "pca_variance_kept": 0.99,
  "use_ledoit_wolf": true,
  "distance_stats": {
    "min": 0.7612888571228121,
    "mean": 2.6356705252794823,
    "max": 6.544963314440811,
    "std": 0.889811850965514
  },
  "thresholds": {
    "95pct": 4.312542564623429,
    "98pct": 4.948944845748114,
    "99pct": 5.264927431303928,
    "100pct": 6.544963314440811
  },
  "chi_theoretical_95": 3.9379325865059513
}