{
  "n_samples": 23,
  "n_dims": 9,
  "use_pca": true,
  "pca_variance_kept": 0.99,
  "use_ledoit_wolf": true,
  "distance_stats": {
    "min": 1.2903346904026474,
    "mean": 2.4021568940796096,
    "max": 3.791493372939015,
    "std": 0.6332369997169753
  },
  "thresholds": {
    "95.00pct": 3.286863919654001,
    "97.50pct": 3.5204174354319284,
    "99.00pct": 3.683062997936181,
    "100.00pct": 3.791493372939015
  },
  "chi_theoretical_95": 4.1132684819520895,
  "bands": [
    5,
    4,
    7
  ],
  "indices": [
    3,
    16,
    5
  ]
}