{
  "n_samples": 110,
  "n_dims": 12,
  "use_pca": true,
  "pca_variance_kept": 0.99,
  "use_ledoit_wolf": true,
  "distance_stats": {
    "min": 1.5526064598627747,
    "mean": 3.130797957897458,
    "max": 5.402464845783473,
    "std": 0.8301911959797114
  },
  "thresholds": {
    "95pct": 4.674385793413146,
    "98pct": 4.960995334991281,
    "99pct": 5.307718293783187,
    "100pct": 5.402464845783473
  },
  "chi_theoretical_95": 4.585419262999085
}