{
  "n_samples": 1051,
  "n_dims": 10,
  "use_pca": true,
  "pca_variance_kept": 0.99,
  "use_ledoit_wolf": true,
  "distance_stats": {
    "min": 1.0151986301826468,
    "mean": 2.923564447517701,
    "max": 13.866874364902602,
    "std": 1.0499087759940247
  },
  "thresholds": {
    "95pct": 4.657896488606756,
    "98pct": 5.306768061164302,
    "99pct": 6.300732018445448,
    "100pct": 13.866874364902602
  },
  "chi_theoretical_95": 4.278672463892877
}